{
    "total_amount":"156.70",
    "vendor_name":"South East Water",
    "client_name":"Laura Elyse Pryor & Zachary Jacob Sander",
    "invoice_date":"24 February 2020",
    "address":"U 1 11 Grandview Gr",
    "address_line_2": "CARNEGIE VIC 3163",
    "due_date": "12 March 2020",
    "account_number": "3369935",
    "bpay_code": "24208",
    "bpay_reference": "10033696 9300 006",
    "eft_bsb": "033-874",
    "eft_account_num": "33696935",
    "eft_account_name": "South East Water Corporation",
    "postbillpay_code": "0361",
    "postbillpay_ref": "1003 3696 9300 006"
}